Year,Experiment,Box,L,Sp,Outcome
2015,Exp2,2_1,31.2,Ed,not_eaten
2015,Exp2,2_1,36.5,Tr,not_eaten
2015,Exp2,2_1,37.9,Tr,not_eaten
2015,Exp2,2_1,26.2,Tr,not_eaten
2015,Exp2,2_1,33.3,Tr,not_eaten
2015,Exp2,2_1,20.1,Tr,not_eaten
2015,Exp2,2_1,24.3,Ed,not_eaten
2015,Exp2,2_1,27.6,Ed,not_eaten
2015,Exp2,2_1,29.4,Ed,not_eaten
2015,Exp2,2_1,25,Ed,not_eaten
2015,Exp2,2_1,27.6,Tr,not_eaten
2015,Exp2,2_1,33.2,Ed,not_eaten
2015,Exp2,2_1,27.6,Tr,not_eaten
2015,Exp2,2_1,17.5,Ed,not_eaten
2015,Exp2,2_1,20.5,Tr,not_eaten
2015,Exp2,2_1,21.2,Tr,not_eaten
2015,Exp2,2_1,19.3,Ed,not_eaten
2015,Exp2,2_1,20,Ed,not_eaten
2015,Exp2,2_1,24.8,Tr,not_eaten
2015,Exp2,2_1,22,Ed,not_eaten
2015,Exp2,2_1,17.3,Ed,not_eaten
2015,Exp2,2_1,21.1,Tr,not_eaten
2015,Exp2,2_1,18.7,Tr,eaten
2015,Exp2,2_1,26.1,Tr,eaten
2015,Exp2,2_2,32.2,Tr,not_eaten
2015,Exp2,2_2,29.9,Ed,not_eaten
2015,Exp2,2_2,25.7,Ed,not_eaten
2015,Exp2,2_2,20.8,Ed,not_eaten
2015,Exp2,2_2,29.2,Tr,not_eaten
2015,Exp2,2_2,20.2,Ed,not_eaten
2015,Exp2,2_2,29.3,Tr,not_eaten
2015,Exp2,2_2,35.7,Ed,not_eaten
2015,Exp2,2_2,26.1,Ed,not_eaten
2015,Exp2,2_2,19.3,Tr,not_eaten
2015,Exp2,2_2,23.8,Tr,not_eaten
2015,Exp2,2_2,29.5,Ed,not_eaten
2015,Exp2,2_2,25.7,Ed,not_eaten
2015,Exp2,2_2,20.5,Ed,not_eaten
2015,Exp2,2_2,16.3,Ed,not_eaten
2015,Exp2,2_2,22.8,Ed,not_eaten
2015,Exp2,2_2,15.9,Ed,not_eaten
2015,Exp2,2_2,23.2,Tr,not_eaten
2015,Exp2,2_2,15.5,Ed,not_eaten
2015,Exp2,2_2,34,Ed,eaten
2015,Exp2,2_2,18.7,Tr,eaten
2015,Exp2,2_3,20.5,Tr,not_eaten
2015,Exp2,2_3,23.1,Tr,not_eaten
2015,Exp2,2_3,34.4,Ed,not_eaten
2015,Exp2,2_3,27.8,Tr,not_eaten
2015,Exp2,2_3,25.2,Ed,not_eaten
2015,Exp2,2_3,28.6,Ed,not_eaten
2015,Exp2,2_3,24.2,Ed,not_eaten
2015,Exp2,2_3,24.2,Tr,not_eaten
2015,Exp2,2_3,37,Ed,not_eaten
2015,Exp2,2_3,21.8,Ed,not_eaten
2015,Exp2,2_3,30.3,Ed,not_eaten
2015,Exp2,2_3,14.1,Tr,not_eaten
2015,Exp2,2_3,35.4,Tr,not_eaten
2015,Exp2,2_3,28.3,Ed,not_eaten
2015,Exp2,2_3,19,Tr,not_eaten
2015,Exp2,2_3,20,Ed,not_eaten
2015,Exp2,2_3,21.9,Tr,eaten
2015,Exp2,2_3,29.1,Ed,eaten
2015,Exp2,2_3,20.5,Ed,eaten
2015,Exp2,2_3,26.4,Ed,eaten
2015,Exp2,2_3,30.5,Ed,eaten
2015,Exp2,2_3,17.1,Ed,eaten
2015,Exp2,2_3,18.9,Tr,eaten
2015,Exp2,2_3,14.7,Ed,eaten
2015,Exp2,2_4,31.6,Ed,not_eaten
2015,Exp2,2_4,31.9,Tr,not_eaten
2015,Exp2,2_4,29.4,Ed,not_eaten
2015,Exp2,2_4,34.2,Tr,not_eaten
2015,Exp2,2_4,22.2,Ed,not_eaten
2015,Exp2,2_4,16.4,Ed,not_eaten
2015,Exp2,2_4,28.3,Ed,not_eaten
2015,Exp2,2_4,29.9,Tr,not_eaten
2015,Exp2,2_4,20,Ed,not_eaten
2015,Exp2,2_4,26.2,Tr,not_eaten
2015,Exp2,2_4,16.9,Ed,not_eaten
2015,Exp2,2_4,19.5,Tr,not_eaten
2015,Exp2,2_4,26.3,Tr,not_eaten
2015,Exp2,2_4,33.4,Tr,not_eaten
2015,Exp2,2_4,18.9,Tr,not_eaten
2015,Exp2,2_4,20.2,Ed,not_eaten
2015,Exp2,2_4,19.6,Tr,not_eaten
2015,Exp2,2_4,16.4,Ed,not_eaten
2015,Exp2,2_4,25.9,Tr,eaten
2015,Exp2,2_4,22.1,Ed,eaten
2015,Exp2,2_4,27.1,Ed,eaten
2015,Exp2,2_4,24,Ed,eaten
2015,Exp2,2_4,25.9,Ed,eaten
2015,Exp2,2_5,26.9,Ed,not_eaten
2015,Exp2,2_5,30.2,Ed,not_eaten
2015,Exp2,2_5,16.5,Tr,not_eaten
2015,Exp2,2_5,29.9,Ed,not_eaten
2015,Exp2,2_5,31.6,Tr,not_eaten
2015,Exp2,2_5,35.6,Ed,not_eaten
2015,Exp2,2_5,26.1,Ed,not_eaten
2015,Exp2,2_5,16.9,Ed,not_eaten
2015,Exp2,2_5,23.8,Ed,not_eaten
2015,Exp2,2_5,24,Tr,not_eaten
2015,Exp2,2_5,18.7,Tr,not_eaten
2015,Exp2,2_5,36.7,Tr,not_eaten
2015,Exp2,2_5,31.3,Ed,not_eaten
2015,Exp2,2_5,28.8,Tr,not_eaten
2015,Exp2,2_5,20.4,Tr,not_eaten
2015,Exp2,2_5,18.2,Ed,not_eaten
2015,Exp2,2_5,20.4,Ed,not_eaten
2015,Exp2,2_5,21.9,Ed,not_eaten
2015,Exp2,2_5,17.6,Ed,not_eaten
2015,Exp2,2_5,26.2,Tr,not_eaten
2015,Exp2,2_5,20.5,Tr,not_eaten
2015,Exp2,2_5,22.7,Tr,not_eaten
2015,Exp2,2_5,20.7,Tr,eaten
2015,Exp2,2_5,22.7,Ed,eaten
2015,Exp2,2_5,26.5,Tr,eaten
2015,Exp2,2_6,34.3,Tr,not_eaten
2015,Exp2,2_6,32.9,Ed,not_eaten
2015,Exp2,2_6,38,Tr,not_eaten
2015,Exp2,2_6,29.4,Tr,not_eaten
2015,Exp2,2_6,27.5,Tr,not_eaten
2015,Exp2,2_6,31,Tr,not_eaten
2015,Exp2,2_6,26.8,Tr,not_eaten
2015,Exp2,2_6,19.9,Ed,not_eaten
2015,Exp2,2_6,19.1,Ed,not_eaten
2015,Exp2,2_6,17.5,Tr,not_eaten
2015,Exp2,2_6,19.4,Tr,not_eaten
2015,Exp2,2_6,27,Ed,not_eaten
2015,Exp2,2_6,20.4,Ed,not_eaten
2015,Exp2,2_6,16.7,Ed,not_eaten
2015,Exp2,2_6,25.1,Ed,not_eaten
2015,Exp2,2_6,23.3,Ed,not_eaten
2015,Exp2,2_6,22.4,Ed,not_eaten
2015,Exp2,2_6,23,Ed,eaten
2015,Exp2,2_6,23.3,Tr,eaten
2015,Exp2,2_6,21.8,Ed,eaten
2015,Exp2,2_6,22.8,Tr,eaten
2015,Exp2,2_6,20.8,Tr,eaten
2015,Exp2,2_7,26.4,Ed,not_eaten
2015,Exp2,2_7,26.5,Ed,not_eaten
2015,Exp2,2_7,29.1,Ed,not_eaten
2015,Exp2,2_7,36.5,Ed,not_eaten
2015,Exp2,2_7,25.2,Ed,not_eaten
2015,Exp2,2_7,34.2,Tr,not_eaten
2015,Exp2,2_7,30.7,Tr,not_eaten
2015,Exp2,2_7,16.2,Ed,not_eaten
2015,Exp2,2_7,30.8,Tr,not_eaten
2015,Exp2,2_7,28,Ed,not_eaten
2015,Exp2,2_7,25.7,Tr,not_eaten
2015,Exp2,2_7,24.1,Tr,not_eaten
2015,Exp2,2_7,31.7,Tr,not_eaten
2015,Exp2,2_7,24.1,Ed,not_eaten
2015,Exp2,2_7,20.1,Ed,not_eaten
2015,Exp2,2_7,19.2,Tr,eaten
2015,Exp2,2_7,17.9,Tr,eaten
2015,Exp2,2_7,20.5,Ed,eaten
2015,Exp2,2_7,30.2,Tr,eaten
2015,Exp2,2_7,20.5,Ed,eaten
2015,Exp2,2_7,15.9,Ed,eaten
2015,Exp2,2_7,15.7,Ed,eaten
2015,Exp2,2_8,34.2,Tr,not_eaten
2015,Exp2,2_8,23.2,Ed,not_eaten
2015,Exp2,2_8,30.8,Tr,not_eaten
2015,Exp2,2_8,29.6,Tr,not_eaten
2015,Exp2,2_8,37.3,Tr,not_eaten
2015,Exp2,2_8,25.6,Ed,not_eaten
2015,Exp2,2_8,21.2,Ed,not_eaten
2015,Exp2,2_8,27.7,Tr,not_eaten
2015,Exp2,2_8,30.1,Ed,not_eaten
2015,Exp2,2_8,27.8,Ed,not_eaten
2015,Exp2,2_8,19.7,Tr,not_eaten
2015,Exp2,2_8,17.6,Ed,not_eaten
2015,Exp2,2_8,29.3,Ed,not_eaten
2015,Exp2,2_8,28,Ed,not_eaten
2015,Exp2,2_8,32.2,Tr,not_eaten
2015,Exp2,2_8,20.1,Tr,not_eaten
2015,Exp2,2_8,20.8,Ed,not_eaten
2015,Exp2,2_8,19.7,Ed,not_eaten
2015,Exp2,2_8,24.2,Tr,not_eaten
2015,Exp2,2_8,14.2,Ed,not_eaten
2015,Exp2,2_8,22.7,Ed,not_eaten
2015,Exp2,2_8,18.1,Tr,not_eaten
2015,Exp2,2_8,21,Tr,eaten
2015,Exp2,2_8,21,Tr,eaten
2015,Exp2,2_9,18.8,Ed,not_eaten
2015,Exp2,2_9,24.5,Ed,not_eaten
2015,Exp2,2_9,29.9,Tr,not_eaten
2015,Exp2,2_9,18.6,Ed,not_eaten
2015,Exp2,2_9,21.4,Ed,not_eaten
2015,Exp2,2_9,27.7,Ed,not_eaten
2015,Exp2,2_9,36,Tr,not_eaten
2015,Exp2,2_9,36.2,Tr,not_eaten
2015,Exp2,2_9,30.8,Ed,not_eaten
2015,Exp2,2_9,28.4,Ed,not_eaten
2015,Exp2,2_9,25.1,Ed,not_eaten
2015,Exp2,2_9,14.6,Ed,not_eaten
2015,Exp2,2_9,17.6,Tr,not_eaten
2015,Exp2,2_9,29,Ed,not_eaten
2015,Exp2,2_9,25.3,Ed,not_eaten
2015,Exp2,2_9,20.1,Ed,not_eaten
2015,Exp2,2_9,21.5,Ed,not_eaten
2015,Exp2,2_9,18.5,Tr,eaten
2015,Exp2,2_9,22.8,Tr,eaten
2015,Exp2,2_9,23.3,Tr,eaten
2015,Exp2,2_9,30.3,Tr,eaten
2015,Exp2,2_9,29.6,Tr,eaten
2015,Exp2,2_9,16.2,Tr,eaten
2015,Exp3,3_1,30.8,Ed,not_eaten
2015,Exp3,3_1,25.4,Tr,not_eaten
2015,Exp3,3_1,31.5,Ed,not_eaten
2015,Exp3,3_1,21.5,Ed,not_eaten
2015,Exp3,3_1,25.7,Tr,not_eaten
2015,Exp3,3_1,30.5,Tr,not_eaten
2015,Exp3,3_1,19.9,Ed,not_eaten
2015,Exp3,3_1,19.1,Tr,not_eaten
2015,Exp3,3_1,33.7,Ed,not_eaten
2015,Exp3,3_1,22.6,Tr,not_eaten
2015,Exp3,3_1,28.5,Tr,not_eaten
2015,Exp3,3_1,21.7,Tr,not_eaten
2015,Exp3,3_1,23.3,Tr,not_eaten
2015,Exp3,3_1,25.7,Tr,not_eaten
2015,Exp3,3_1,16.8,Tr,eaten
2015,Exp3,3_1,25.3,Ed,eaten
2015,Exp3,3_1,28,Tr,eaten
2015,Exp3,3_1,24.6,Tr,eaten
2015,Exp3,3_1,22.4,Ed,eaten
2015,Exp3,3_1,33.9,Tr,eaten
2015,Exp3,3_1,32.5,Ed,eaten
2015,Exp3,3_1,21.1,Ed,eaten
2015,Exp3,3_1,20.9,Ed,eaten
2015,Exp3,3_1,32.1,Tr,eaten
2015,Exp3,3_2,30.3,Ed,not_eaten
2015,Exp3,3_2,31.9,Ed,not_eaten
2015,Exp3,3_2,30.3,Ed,not_eaten
2015,Exp3,3_2,27.1,Ed,not_eaten
2015,Exp3,3_2,31.1,Ed,not_eaten
2015,Exp3,3_2,26.5,Ed,not_eaten
2015,Exp3,3_2,28.4,Tr,not_eaten
2015,Exp3,3_2,27.1,Ed,not_eaten
2015,Exp3,3_2,24.1,Ed,not_eaten
2015,Exp3,3_2,20.2,Ed,not_eaten
2015,Exp3,3_2,18.4,Ed,not_eaten
2015,Exp3,3_2,30.5,Tr,not_eaten
2015,Exp3,3_2,21,Ed,not_eaten
2015,Exp3,3_2,25.2,Tr,not_eaten
2015,Exp3,3_2,26.1,Ed,not_eaten
2015,Exp3,3_2,33.8,Tr,not_eaten
2015,Exp3,3_2,25.5,Tr,eaten
2015,Exp3,3_2,24.9,Tr,eaten
2015,Exp3,3_2,22.6,Tr,eaten
2015,Exp3,3_2,19.1,Tr,eaten
2015,Exp3,3_2,34.6,Tr,eaten
2015,Exp3,3_2,23.7,Tr,eaten
2015,Exp3,3_2,19.2,Tr,eaten
2015,Exp3,3_2,24.8,Ed,eaten
2015,Exp3,3_2,18.4,Tr,eaten
2015,Exp3,3_3,23.9,Tr,not_eaten
2015,Exp3,3_3,27.6,Ed,not_eaten
2015,Exp3,3_3,37.4,Ed,not_eaten
2015,Exp3,3_3,28.8,Tr,not_eaten
2015,Exp3,3_3,32,Tr,not_eaten
2015,Exp3,3_3,32.8,Ed,not_eaten
2015,Exp3,3_3,29.7,Tr,not_eaten
2015,Exp3,3_3,31.1,Ed,not_eaten
2015,Exp3,3_3,28.3,Tr,not_eaten
2015,Exp3,3_3,18.1,Ed,not_eaten
2015,Exp3,3_3,24.5,Ed,not_eaten
2015,Exp3,3_3,25,Tr,not_eaten
2015,Exp3,3_3,32.3,Ed,not_eaten
2015,Exp3,3_3,26.3,Tr,not_eaten
2015,Exp3,3_3,24.2,Ed,not_eaten
2015,Exp3,3_3,35.3,Tr,not_eaten
2015,Exp3,3_3,26.7,Ed,not_eaten
2015,Exp3,3_3,20.6,Ed,eaten
2015,Exp3,3_3,16.2,Tr,eaten
2015,Exp3,3_3,18.1,Tr,eaten
2015,Exp3,3_3,19.1,Ed,eaten
2015,Exp3,3_3,24.3,Tr,eaten
2015,Exp3,3_3,24.6,Tr,eaten
2015,Exp3,3_4,36.5,Ed,not_eaten
2015,Exp3,3_4,33.4,Tr,not_eaten
2015,Exp3,3_4,35.7,Tr,not_eaten
2015,Exp3,3_4,24.9,Ed,not_eaten
2015,Exp3,3_4,27.1,Ed,not_eaten
2015,Exp3,3_4,27,Ed,not_eaten
2015,Exp3,3_4,25.3,Ed,not_eaten
2015,Exp3,3_4,29.9,Ed,not_eaten
2015,Exp3,3_4,33.6,Tr,not_eaten
2015,Exp3,3_4,22.1,Ed,not_eaten
2015,Exp3,3_4,17.6,Ed,not_eaten
2015,Exp3,3_4,25.6,Ed,not_eaten
2015,Exp3,3_4,21.4,Ed,not_eaten
2015,Exp3,3_4,23,Ed,not_eaten
2015,Exp3,3_4,19.3,Tr,not_eaten
2015,Exp3,3_4,25.3,Ed,not_eaten
2015,Exp3,3_4,22.4,Ed,eaten
2015,Exp3,3_4,26.5,Tr,eaten
2015,Exp3,3_4,16.9,Tr,eaten
2015,Exp3,3_4,15.8,Ed,eaten
2015,Exp3,3_4,26.5,Ed,eaten
2015,Exp3,3_4,31.3,Tr,eaten
2015,Exp3,3_4,25.5,Tr,eaten
2015,Exp3,3_4,29.8,Ed,eaten
2015,Exp3,3_5,15.4,Tr,not_eaten
2015,Exp3,3_5,29.8,Ed,not_eaten
2015,Exp3,3_5,24.2,Ed,not_eaten
2015,Exp3,3_5,18.3,Ed,not_eaten
2015,Exp3,3_5,28,Tr,not_eaten
2015,Exp3,3_5,29.4,Ed,not_eaten
2015,Exp3,3_5,29.3,Ed,not_eaten
2015,Exp3,3_5,29.8,Ed,not_eaten
2015,Exp3,3_5,25.6,Tr,not_eaten
2015,Exp3,3_5,21.6,Ed,not_eaten
2015,Exp3,3_5,30.9,Ed,not_eaten
2015,Exp3,3_5,14.5,Tr,not_eaten
2015,Exp3,3_5,24.1,Tr,not_eaten
2015,Exp3,3_5,31.1,Tr,not_eaten
2015,Exp3,3_5,26.7,Ed,not_eaten
2015,Exp3,3_5,29.2,Tr,not_eaten
2015,Exp3,3_5,18.1,Ed,not_eaten
2015,Exp3,3_5,31,Tr,eaten
2015,Exp3,3_5,24.2,Tr,eaten
2015,Exp3,3_5,17.6,Tr,eaten
2015,Exp3,3_5,28.3,Ed,eaten
2015,Exp3,3_5,30.9,Tr,eaten
2015,Exp3,3_6,34.8,Tr,not_eaten
2015,Exp3,3_6,32.2,Ed,not_eaten
2015,Exp3,3_6,31.1,Ed,not_eaten
2015,Exp3,3_6,28.4,Ed,not_eaten
2015,Exp3,3_6,23.2,Tr,not_eaten
2015,Exp3,3_6,32.1,Ed,not_eaten
2015,Exp3,3_6,29.1,Ed,not_eaten
2015,Exp3,3_6,28.5,Ed,not_eaten
2015,Exp3,3_6,28.4,Tr,not_eaten
2015,Exp3,3_6,24.9,Ed,not_eaten
2015,Exp3,3_6,30.3,Tr,not_eaten
2015,Exp3,3_6,33.4,Tr,not_eaten
2015,Exp3,3_6,26.1,Ed,not_eaten
2015,Exp3,3_6,14.9,Ed,not_eaten
2015,Exp3,3_6,22.4,Ed,not_eaten
2015,Exp3,3_6,22.8,Ed,not_eaten
2015,Exp3,3_6,15.2,Ed,not_eaten
2015,Exp3,3_6,26.5,Tr,not_eaten
2015,Exp3,3_6,18.6,Tr,eaten
2015,Exp3,3_6,19.4,Ed,eaten
2015,Exp3,3_6,16.9,Ed,eaten
2015,Exp3,3_6,27.4,Tr,eaten
2015,Exp3,3_6,18.1,Tr,eaten
2015,Exp3,3_7,31.5,Ed,not_eaten
2015,Exp3,3_7,31.3,Tr,not_eaten
2015,Exp3,3_7,24.7,Tr,not_eaten
2015,Exp3,3_7,24.9,Ed,not_eaten
2015,Exp3,3_7,21.2,Ed,not_eaten
2015,Exp3,3_7,22.8,Ed,not_eaten
2015,Exp3,3_7,26.1,Ed,not_eaten
2015,Exp3,3_7,27.8,Ed,not_eaten
2015,Exp3,3_7,21,Ed,not_eaten
2015,Exp3,3_7,31.5,Ed,not_eaten
2015,Exp3,3_7,28.8,Tr,not_eaten
2015,Exp3,3_7,21.8,Ed,not_eaten
2015,Exp3,3_7,18.4,Tr,not_eaten
2015,Exp3,3_7,18.4,Ed,not_eaten
2015,Exp3,3_7,31.3,Tr,not_eaten
2015,Exp3,3_7,32.5,Tr,not_eaten
2015,Exp3,3_7,24.7,Tr,not_eaten
2015,Exp3,3_7,26.9,Ed,not_eaten
2015,Exp3,3_7,32.4,Ed,not_eaten
2015,Exp3,3_7,26.7,Tr,not_eaten
2015,Exp3,3_7,16.1,Tr,eaten
2015,Exp3,3_7,29.6,Tr,eaten
2015,Exp3,3_7,18.7,Tr,eaten
2015,Exp3,3_7,29.8,Tr,eaten
2015,Exp3,3_8,34.8,Tr,not_eaten
2015,Exp3,3_8,31,Tr,not_eaten
2015,Exp3,3_8,17,Tr,not_eaten
2015,Exp3,3_8,21,Ed,not_eaten
2015,Exp3,3_8,29.1,Ed,not_eaten
2015,Exp3,3_8,28.6,Ed,not_eaten
2015,Exp3,3_8,30.8,Ed,not_eaten
2015,Exp3,3_8,25.9,Ed,not_eaten
2015,Exp3,3_8,18.9,Ed,not_eaten
2015,Exp3,3_8,25.8,Ed,not_eaten
2015,Exp3,3_8,29.6,Ed,not_eaten
2015,Exp3,3_8,20.3,Ed,not_eaten
2015,Exp3,3_8,32,Ed,not_eaten
2015,Exp3,3_8,28,Ed,not_eaten
2015,Exp3,3_8,15.7,Ed,not_eaten
2015,Exp3,3_8,30.1,Tr,not_eaten
2015,Exp3,3_8,31.2,Tr,eaten
2015,Exp3,3_8,22.5,Ed,eaten
2015,Exp3,3_8,21,Ed,eaten
2015,Exp3,3_8,18.5,Tr,eaten
2015,Exp3,3_8,22.9,Tr,eaten
2015,Exp3,3_8,21.3,Tr,eaten
2015,Exp3,3_8,25,Tr,eaten
2015,Exp3,3_8,20.2,Tr,eaten
2015,Exp3,3_9,29.5,Ed,not_eaten
2015,Exp3,3_9,16.5,Ed,not_eaten
2015,Exp3,3_9,23.2,Ed,not_eaten
2015,Exp3,3_9,26,Ed,not_eaten
2015,Exp3,3_9,34.8,Tr,not_eaten
2015,Exp3,3_9,26.1,Tr,not_eaten
2015,Exp3,3_9,22.3,Ed,not_eaten
2015,Exp3,3_9,31.6,Tr,not_eaten
2015,Exp3,3_9,21,Ed,not_eaten
2015,Exp3,3_9,36,Tr,not_eaten
2015,Exp3,3_9,26.8,Tr,not_eaten
2015,Exp3,3_9,28.9,Tr,not_eaten
2015,Exp3,3_9,34.8,Ed,not_eaten
2015,Exp3,3_9,22,Tr,not_eaten
2015,Exp3,3_9,31.8,Ed,not_eaten
2015,Exp3,3_9,28.3,Ed,not_eaten
2015,Exp3,3_9,23.3,Ed,not_eaten
2015,Exp3,3_9,27.3,Ed,not_eaten
2015,Exp3,3_9,18.3,Ed,eaten
2015,Exp3,3_9,17,Tr,eaten
2015,Exp3,3_9,20.1,Tr,eaten
2015,Exp3,3_9,20.5,Ed,eaten
2015,Exp3,3_9,23.3,Ed,eaten
2015,Exp3,3_9,21.9,Ed,eaten
2016,Exp4,4_1,21.5,Tr,eaten
2016,Exp4,4_1,23.9,Tr,eaten
2016,Exp4,4_1,24.9,Ed,eaten
2016,Exp4,4_2,21,Ed,eaten
2016,Exp4,4_2,22.2,Tr,eaten
2016,Exp4,4_2,26.5,Tr,eaten
2016,Exp4,4_3,26.5,Tr,eaten
2016,Exp4,4_3,21.6,Ed,eaten
2016,Exp4,4_4,23.5,Tr,eaten
2016,Exp4,4_4,21.5,Tr,eaten
2016,Exp4,4_4,23.9,Tr,eaten
2016,Exp4,4_5,22.1,Tr,eaten
2016,Exp4,4_5,23.4,Tr,eaten
2016,Exp4,4_6,24.7,Ed,eaten
2016,Exp4,4_7,24.5,Tr,eaten
2016,Exp4,4_7,21.7,Tr,eaten
2016,Exp4,4_8,21.3,Tr,eaten
2016,Exp4,4_10,24.5,Ed,eaten
2016,Exp4,4_10,26.4,Tr,eaten
2016,Exp4,4_12,21.3,Ed,eaten
2016,Exp4,4_12,25.3,Ed,eaten
2016,Exp4,4_12,20.3,Ed,eaten
2016,Exp4,4_12,23.1,Ed,eaten
2016,Exp4,4_1,26,Tr,eaten
2016,Exp4,4_1,25,Ed,eaten
2016,Exp4,4_1,26,Ed,eaten
2016,Exp4,4_1,22.3,Tr,eaten
2016,Exp4,4_1,23.5,Ed,eaten
2016,Exp4,4_2,23.4,Tr,eaten
2016,Exp4,4_2,22.2,Tr,eaten
2016,Exp4,4_3,23,Tr,eaten
2016,Exp4,4_3,23.5,Tr,eaten
2016,Exp4,4_3,22.9,Tr,eaten
2016,Exp4,4_3,24,Tr,eaten
2016,Exp4,4_3,22.2,Ed,eaten
2016,Exp4,4_4,26,Tr,eaten
2016,Exp4,4_4,24.1,Tr,eaten
2016,Exp4,4_4,22.9,Ed,eaten
2016,Exp4,4_4,24.8,Tr,eaten
2016,Exp4,4_4,24,Ed,eaten
2016,Exp4,4_4,21.3,Tr,eaten
2016,Exp4,4_5,23.7,Tr,eaten
2016,Exp4,4_5,25.7,Ed,eaten
2016,Exp4,4_5,24.9,Tr,eaten
2016,Exp4,4_6,24.4,Tr,eaten
2016,Exp4,4_6,24.3,Tr,eaten
2016,Exp4,4_7,24.8,Tr,eaten
2016,Exp4,4_7,24.9,Ed,eaten
2016,Exp4,4_9,21.9,Tr,eaten
2016,Exp4,4_9,25.6,Tr,eaten
2016,Exp4,4_9,27.2,Ed,eaten
2016,Exp4,4_9,24.8,Tr,eaten
2016,Exp4,4_10,21.9,Tr,eaten
2016,Exp4,4_10,26.7,Ed,eaten
2016,Exp4,4_10,23.5,Tr,eaten
2016,Exp4,4_12,24.8,Tr,eaten
2016,Exp4,4_12,22.2,Ed,eaten
2016,Exp4,4_12,23.1,Ed,eaten
2016,Exp4,4_1,26,Tr,not_eaten
2016,Exp4,4_1,27.4,Ed,not_eaten
2016,Exp4,4_1,23.7,Ed,not_eaten
2016,Exp4,4_1,23.3,Ed,not_eaten
2016,Exp4,4_1,24.7,Ed,not_eaten
2016,Exp4,4_1,23.2,Tr,not_eaten
2016,Exp4,4_1,25,Ed,not_eaten
2016,Exp4,4_1,27.5,Tr,not_eaten
2016,Exp4,4_1,20.2,Ed,not_eaten
2016,Exp4,4_1,22.6,Ed,not_eaten
2016,Exp4,4_1,24.2,Ed,not_eaten
2016,Exp4,4_1,20.9,Tr,not_eaten
2016,Exp4,4_1,23.4,Tr,not_eaten
2016,Exp4,4_1,24.7,Ed,not_eaten
2016,Exp4,4_1,20.9,Ed,not_eaten
2016,Exp4,4_1,22.1,Tr,not_eaten
2016,Exp4,4_1,23.7,Ed,not_eaten
2016,Exp4,4_1,21.9,Ed,not_eaten
2016,Exp4,4_1,21,Tr,not_eaten
2016,Exp4,4_1,21.3,Ed,not_eaten
2016,Exp4,4_1,24.8,Ed,not_eaten
2016,Exp4,4_1,26.3,Tr,not_eaten
2016,Exp4,4_2,21.4,Tr,not_eaten
2016,Exp4,4_2,23.5,Ed,not_eaten
2016,Exp4,4_2,25.3,Tr,not_eaten
2016,Exp4,4_2,21.5,Ed,not_eaten
2016,Exp4,4_2,24,Tr,not_eaten
2016,Exp4,4_2,23.5,Tr,not_eaten
2016,Exp4,4_2,27.7,Ed,not_eaten
2016,Exp4,4_2,24.3,Ed,not_eaten
2016,Exp4,4_2,23,Ed,not_eaten
2016,Exp4,4_2,23,Ed,not_eaten
2016,Exp4,4_2,26,Tr,not_eaten
2016,Exp4,4_2,24,Tr,not_eaten
2016,Exp4,4_2,25,Ed,not_eaten
2016,Exp4,4_2,22.7,Ed,not_eaten
2016,Exp4,4_2,24.7,Ed,not_eaten
2016,Exp4,4_2,23.2,Ed,not_eaten
2016,Exp4,4_2,20.6,Tr,not_eaten
2016,Exp4,4_2,24.6,Ed,not_eaten
2016,Exp4,4_2,27.6,Ed,not_eaten
2016,Exp4,4_2,23.2,Ed,not_eaten
2016,Exp4,4_2,27.8,Ed,not_eaten
2016,Exp4,4_2,22.4,Ed,not_eaten
2016,Exp4,4_2,25,Ed,not_eaten
2016,Exp4,4_2,25,Ed,not_eaten
2016,Exp4,4_2,21.8,Ed,not_eaten
2016,Exp4,4_3,25.9,Ed,not_eaten
2016,Exp4,4_3,25.3,Tr,not_eaten
2016,Exp4,4_3,24.8,Ed,not_eaten
2016,Exp4,4_3,22,Ed,not_eaten
2016,Exp4,4_3,24.7,Ed,not_eaten
2016,Exp4,4_3,24.7,Ed,not_eaten
2016,Exp4,4_3,23.9,Tr,not_eaten
2016,Exp4,4_3,24.1,Ed,not_eaten
2016,Exp4,4_3,26.1,Ed,not_eaten
2016,Exp4,4_3,26.6,Ed,not_eaten
2016,Exp4,4_3,26.5,Tr,not_eaten
2016,Exp4,4_3,25.2,Ed,not_eaten
2016,Exp4,4_3,23.8,Tr,not_eaten
2016,Exp4,4_3,23.1,Tr,not_eaten
2016,Exp4,4_3,24.6,Ed,not_eaten
2016,Exp4,4_3,21.3,Tr,not_eaten
2016,Exp4,4_3,25.4,Ed,not_eaten
2016,Exp4,4_3,26.3,Tr,not_eaten
2016,Exp4,4_3,28.7,Ed,not_eaten
2016,Exp4,4_3,22.4,Ed,not_eaten
2016,Exp4,4_3,22.7,Ed,not_eaten
2016,Exp4,4_3,23.2,Ed,not_eaten
2016,Exp4,4_3,24.8,Tr,not_eaten
2016,Exp4,4_4,25.8,Ed,not_eaten
2016,Exp4,4_4,23.6,Ed,not_eaten
2016,Exp4,4_4,24.4,Ed,not_eaten
2016,Exp4,4_4,25.3,Tr,not_eaten
2016,Exp4,4_4,27.2,Ed,not_eaten
2016,Exp4,4_4,22.4,Ed,not_eaten
2016,Exp4,4_4,23.4,Ed,not_eaten
2016,Exp4,4_4,24.8,Ed,not_eaten
2016,Exp4,4_4,21.9,Tr,not_eaten
2016,Exp4,4_4,23.1,Ed,not_eaten
2016,Exp4,4_4,21.4,Ed,not_eaten
2016,Exp4,4_4,26.7,Tr,not_eaten
2016,Exp4,4_4,23.9,Ed,not_eaten
2016,Exp4,4_4,23.4,Ed,not_eaten
2016,Exp4,4_4,25.4,Ed,not_eaten
2016,Exp4,4_4,27.4,Tr,not_eaten
2016,Exp4,4_4,22.6,Ed,not_eaten
2016,Exp4,4_4,24.1,Ed,not_eaten
2016,Exp4,4_4,23.9,Ed,not_eaten
2016,Exp4,4_4,24.1,Tr,not_eaten
2016,Exp4,4_4,29.4,Ed,not_eaten
2016,Exp4,4_4,22.3,Ed,not_eaten
2016,Exp4,4_5,21.8,Ed,not_eaten
2016,Exp4,4_5,24.7,Ed,not_eaten
2016,Exp4,4_5,24.1,Ed,not_eaten
2016,Exp4,4_5,25.2,Ed,not_eaten
2016,Exp4,4_5,25.9,Ed,not_eaten
2016,Exp4,4_5,22.3,Ed,not_eaten
2016,Exp4,4_5,25.5,Ed,not_eaten
2016,Exp4,4_5,24.5,Ed,not_eaten
2016,Exp4,4_5,24.2,Ed,not_eaten
2016,Exp4,4_5,26.3,Ed,not_eaten
2016,Exp4,4_5,24.1,Tr,not_eaten
2016,Exp4,4_5,22.1,Ed,not_eaten
2016,Exp4,4_5,21.6,Ed,not_eaten
2016,Exp4,4_5,24.6,Ed,not_eaten
2016,Exp4,4_5,25.2,Ed,not_eaten
2016,Exp4,4_5,23.5,Tr,not_eaten
2016,Exp4,4_5,25.7,Ed,not_eaten
2016,Exp4,4_5,24.7,Ed,not_eaten
2016,Exp4,4_5,24.2,Tr,not_eaten
2016,Exp4,4_5,23.7,Ed,not_eaten
2016,Exp4,4_5,26.4,Ed,not_eaten
2016,Exp4,4_5,23.9,Ed,not_eaten
2016,Exp4,4_5,23.4,Tr,not_eaten
2016,Exp4,4_5,21.4,Ed,not_eaten
2016,Exp4,4_6,24.1,Tr,not_eaten
2016,Exp4,4_6,24.8,Ed,not_eaten
2016,Exp4,4_6,25.4,Ed,not_eaten
2016,Exp4,4_6,27.7,Ed,not_eaten
2016,Exp4,4_6,21.5,Tr,not_eaten
2016,Exp4,4_6,26.6,Ed,not_eaten
2016,Exp4,4_6,27.1,Tr,not_eaten
2016,Exp4,4_6,22.4,Ed,not_eaten
2016,Exp4,4_6,22.3,Tr,not_eaten
2016,Exp4,4_6,25.9,Ed,not_eaten
2016,Exp4,4_6,23.1,Tr,not_eaten
2016,Exp4,4_6,21.3,Tr,not_eaten
2016,Exp4,4_6,26.2,Tr,not_eaten
2016,Exp4,4_6,24.8,Tr,not_eaten
2016,Exp4,4_6,25.5,Tr,not_eaten
2016,Exp4,4_6,25,Ed,not_eaten
2016,Exp4,4_6,24.6,Tr,not_eaten
2016,Exp4,4_6,22.7,Tr,not_eaten
2016,Exp4,4_6,24.7,Ed,not_eaten
2016,Exp4,4_6,23.9,Ed,not_eaten
2016,Exp4,4_6,23.8,Ed,not_eaten
2016,Exp4,4_6,24.1,Tr,not_eaten
2016,Exp4,4_6,22.1,Tr,not_eaten
2016,Exp4,4_6,25.7,Ed,not_eaten
2016,Exp4,4_6,23,Ed,not_eaten
2016,Exp4,4_6,24.2,Tr,not_eaten
2016,Exp4,4_6,20.7,Ed,not_eaten
2016,Exp4,4_7,23.8,Ed,not_eaten
2016,Exp4,4_7,24.2,Ed,not_eaten
2016,Exp4,4_7,22.8,Tr,not_eaten
2016,Exp4,4_7,22.9,Ed,not_eaten
2016,Exp4,4_7,21.2,Ed,not_eaten
2016,Exp4,4_7,26.4,Ed,not_eaten
2016,Exp4,4_7,23.6,Ed,not_eaten
2016,Exp4,4_7,25.4,Tr,not_eaten
2016,Exp4,4_7,28.1,Ed,not_eaten
2016,Exp4,4_7,25.2,Ed,not_eaten
2016,Exp4,4_7,22.9,Ed,not_eaten
2016,Exp4,4_7,26.5,Ed,not_eaten
2016,Exp4,4_7,24.5,Tr,not_eaten
2016,Exp4,4_7,26.8,Tr,not_eaten
2016,Exp4,4_7,25,Ed,not_eaten
2016,Exp4,4_7,26.4,Tr,not_eaten
2016,Exp4,4_7,21.9,Ed,not_eaten
2016,Exp4,4_7,26.3,Ed,not_eaten
2016,Exp4,4_7,22.1,Tr,not_eaten
2016,Exp4,4_7,23.5,Tr,not_eaten
2016,Exp4,4_7,23.6,Ed,not_eaten
2016,Exp4,4_7,25.6,Ed,not_eaten
2016,Exp4,4_7,22.7,Ed,not_eaten
2016,Exp4,4_7,24.2,Tr,not_eaten
2016,Exp4,4_7,24.3,Ed,not_eaten
2016,Exp4,4_7,26,Ed,not_eaten
2016,Exp4,4_8,25.2,Ed,not_eaten
2016,Exp4,4_8,25.1,Ed,not_eaten
2016,Exp4,4_8,23.9,Ed,not_eaten
2016,Exp4,4_8,27.1,Ed,not_eaten
2016,Exp4,4_8,22,Tr,not_eaten
2016,Exp4,4_8,25.3,Ed,not_eaten
2016,Exp4,4_8,25.8,Ed,not_eaten
2016,Exp4,4_8,22.4,Ed,not_eaten
2016,Exp4,4_8,24.5,Tr,not_eaten
2016,Exp4,4_8,27.8,Ed,not_eaten
2016,Exp4,4_8,24.2,Ed,not_eaten
2016,Exp4,4_8,24.3,Ed,not_eaten
2016,Exp4,4_8,22.2,Ed,not_eaten
2016,Exp4,4_8,24.5,Ed,not_eaten
2016,Exp4,4_8,24.3,Tr,not_eaten
2016,Exp4,4_8,22.7,Tr,not_eaten
2016,Exp4,4_8,24.7,Ed,not_eaten
2016,Exp4,4_8,23.2,Ed,not_eaten
2016,Exp4,4_8,24.5,Ed,not_eaten
2016,Exp4,4_8,24.8,Tr,not_eaten
2016,Exp4,4_8,25.9,Tr,not_eaten
2016,Exp4,4_8,26.4,Tr,not_eaten
2016,Exp4,4_8,26.4,Tr,not_eaten
2016,Exp4,4_8,24.9,Ed,not_eaten
2016,Exp4,4_8,23.6,Tr,not_eaten
2016,Exp4,4_8,21.3,Tr,not_eaten
2016,Exp4,4_8,23.5,Ed,not_eaten
2016,Exp4,4_8,21.7,Tr,not_eaten
2016,Exp4,4_9,23.9,Ed,not_eaten
2016,Exp4,4_9,21.8,Tr,not_eaten
2016,Exp4,4_9,22.5,Ed,not_eaten
2016,Exp4,4_9,25.1,Ed,not_eaten
2016,Exp4,4_9,26,Ed,not_eaten
2016,Exp4,4_9,28.6,Ed,not_eaten
2016,Exp4,4_9,23.1,Ed,not_eaten
2016,Exp4,4_9,22.7,Ed,not_eaten
2016,Exp4,4_9,20.9,Ed,not_eaten
2016,Exp4,4_9,17.2,Ed,not_eaten
2016,Exp4,4_9,24,Ed,not_eaten
2016,Exp4,4_9,21.7,Ed,not_eaten
2016,Exp4,4_9,29,Tr,not_eaten
2016,Exp4,4_9,21.9,Tr,not_eaten
2016,Exp4,4_9,26.7,Tr,not_eaten
2016,Exp4,4_9,23.6,Ed,not_eaten
2016,Exp4,4_9,24.7,Tr,not_eaten
2016,Exp4,4_9,22.6,Tr,not_eaten
2016,Exp4,4_9,27.1,Ed,not_eaten
2016,Exp4,4_9,26,Ed,not_eaten
2016,Exp4,4_9,24,Tr,not_eaten
2016,Exp4,4_9,26,Tr,not_eaten
2016,Exp4,4_9,24.6,Ed,not_eaten
2016,Exp4,4_9,26.1,Tr,not_eaten
2016,Exp4,4_9,24.7,Tr,not_eaten
2016,Exp4,4_10,23.1,Tr,not_eaten
2016,Exp4,4_10,26.2,Ed,not_eaten
2016,Exp4,4_10,25.7,Ed,not_eaten
2016,Exp4,4_10,21.4,Ed,not_eaten
2016,Exp4,4_10,27,Ed,not_eaten
2016,Exp4,4_10,23.2,Ed,not_eaten
2016,Exp4,4_10,23.4,Tr,not_eaten
2016,Exp4,4_10,21.7,Ed,not_eaten
2016,Exp4,4_10,21.4,Tr,not_eaten
2016,Exp4,4_10,23,Tr,not_eaten
2016,Exp4,4_10,26.1,Ed,not_eaten
2016,Exp4,4_10,23.4,Ed,not_eaten
2016,Exp4,4_10,23.5,Tr,not_eaten
2016,Exp4,4_10,25.4,Ed,not_eaten
2016,Exp4,4_10,23.6,Ed,not_eaten
2016,Exp4,4_10,26.1,Ed,not_eaten
2016,Exp4,4_10,24.1,Ed,not_eaten
2016,Exp4,4_10,24.1,Ed,not_eaten
2016,Exp4,4_10,22.2,Ed,not_eaten
2016,Exp4,4_10,24.9,Ed,not_eaten
2016,Exp4,4_10,25.8,Ed,not_eaten
2016,Exp4,4_10,24.6,Ed,not_eaten
2016,Exp4,4_10,22.9,Ed,not_eaten
2016,Exp4,4_10,23.4,Tr,not_eaten
2016,Exp4,4_10,23,Tr,not_eaten
2016,Exp4,4_11,24.9,Ed,not_eaten
2016,Exp4,4_11,21.7,Ed,not_eaten
2016,Exp4,4_11,25.3,Ed,not_eaten
2016,Exp4,4_11,25.2,Ed,not_eaten
2016,Exp4,4_11,23.4,Ed,not_eaten
2016,Exp4,4_11,24.7,Tr,not_eaten
2016,Exp4,4_11,25.2,Ed,not_eaten
2016,Exp4,4_11,23.8,Tr,not_eaten
2016,Exp4,4_11,27.2,Ed,not_eaten
2016,Exp4,4_11,26.3,Tr,not_eaten
2016,Exp4,4_11,26.8,Ed,not_eaten
2016,Exp4,4_11,24.1,Tr,not_eaten
2016,Exp4,4_11,24.3,Ed,not_eaten
2016,Exp4,4_11,22.3,Ed,not_eaten
2016,Exp4,4_11,22.7,Ed,not_eaten
2016,Exp4,4_11,24.8,Ed,not_eaten
2016,Exp4,4_11,21.1,Tr,not_eaten
2016,Exp4,4_11,22.5,Tr,not_eaten
2016,Exp4,4_11,21.8,Tr,not_eaten
2016,Exp4,4_11,26,Ed,not_eaten
2016,Exp4,4_11,21.7,Tr,not_eaten
2016,Exp4,4_11,23.1,Tr,not_eaten
2016,Exp4,4_11,25.3,Ed,not_eaten
2016,Exp4,4_11,21.7,Tr,not_eaten
2016,Exp4,4_11,22.9,Ed,not_eaten
2016,Exp4,4_11,23.2,Ed,not_eaten
2016,Exp4,4_11,24.6,Ed,not_eaten
2016,Exp4,4_11,26.9,Tr,not_eaten
2016,Exp4,4_11,22.7,Tr,not_eaten
2016,Exp4,4_11,28.1,Ed,not_eaten
2016,Exp4,4_11,22.7,Ed,not_eaten
2016,Exp4,4_12,30.4,Ed,not_eaten
2016,Exp4,4_12,22.9,Tr,not_eaten
2016,Exp4,4_12,23.7,Ed,not_eaten
2016,Exp4,4_12,24.9,Ed,not_eaten
2016,Exp4,4_12,23.8,Tr,not_eaten
2016,Exp4,4_12,21.2,Ed,not_eaten
2016,Exp4,4_12,24.3,Tr,not_eaten
2016,Exp4,4_12,22.3,Ed,not_eaten
2016,Exp4,4_12,22.8,Tr,not_eaten
2016,Exp4,4_12,22.7,Ed,not_eaten
2016,Exp4,4_12,20.8,Ed,not_eaten
2016,Exp4,4_12,24.9,Tr,not_eaten
2016,Exp4,4_12,24.9,Ed,not_eaten
2016,Exp4,4_12,26.1,Ed,not_eaten
2016,Exp4,4_12,21.3,Ed,not_eaten
2016,Exp4,4_12,22.7,Tr,not_eaten
2016,Exp4,4_12,21.2,Ed,not_eaten
2016,Exp4,4_12,24.3,Ed,not_eaten
2016,Exp4,4_12,26.4,Ed,not_eaten
2016,Exp4,4_12,25.6,Ed,not_eaten
2016,Exp4,4_12,21.8,Ed,not_eaten
2016,Exp4,4_12,24.3,Ed,not_eaten
2016,Exp4,4_12,23.3,Ed,not_eaten
2016,Exp5,5_1,26.7,Tr,not_eaten
2016,Exp5,5_1,24,Ed,not_eaten
2016,Exp5,5_1,24,Tr,not_eaten
2016,Exp5,5_1,24.4,Ed,not_eaten
2016,Exp5,5_1,26,Tr,not_eaten
2016,Exp5,5_1,25.1,Ed,not_eaten
2016,Exp5,5_1,24.7,Ed,not_eaten
2016,Exp5,5_1,29.3,Ed,not_eaten
2016,Exp5,5_1,23.3,Tr,not_eaten
2016,Exp5,5_1,22.2,Tr,not_eaten
2016,Exp5,5_1,21,Tr,not_eaten
2016,Exp5,5_1,23.5,Tr,not_eaten
2016,Exp5,5_1,24.1,Ed,not_eaten
2016,Exp5,5_1,23.6,Tr,not_eaten
2016,Exp5,5_1,23.9,Ed,not_eaten
2016,Exp5,5_1,25.5,Ed,not_eaten
2016,Exp5,5_1,25.4,Ed,not_eaten
2016,Exp5,5_1,23.1,Ed,not_eaten
2016,Exp5,5_1,23.1,Tr,not_eaten
2016,Exp5,5_1,23.7,Tr,not_eaten
2016,Exp5,5_1,25.1,Ed,not_eaten
2016,Exp5,5_1,22.9,Ed,not_eaten
2016,Exp5,5_1,22.2,Ed,not_eaten
2016,Exp5,5_2,24.6,Tr,not_eaten
2016,Exp5,5_2,22.3,Tr,not_eaten
2016,Exp5,5_2,26.3,Ed,not_eaten
2016,Exp5,5_2,23.8,Ed,not_eaten
2016,Exp5,5_2,23.6,Ed,not_eaten
2016,Exp5,5_2,27,Ed,not_eaten
2016,Exp5,5_2,24.1,Ed,not_eaten
2016,Exp5,5_2,23.5,Tr,not_eaten
2016,Exp5,5_2,26.4,Tr,not_eaten
2016,Exp5,5_2,22.2,Ed,not_eaten
2016,Exp5,5_2,21.8,Ed,not_eaten
2016,Exp5,5_2,27,Tr,not_eaten
2016,Exp5,5_2,24.4,Ed,not_eaten
2016,Exp5,5_2,23.7,Ed,not_eaten
2016,Exp5,5_2,24.6,Tr,not_eaten
2016,Exp5,5_2,20.3,Ed,not_eaten
2016,Exp5,5_2,26.3,Ed,not_eaten
2016,Exp5,5_2,24.3,Ed,not_eaten
2016,Exp5,5_2,25.6,Ed,not_eaten
2016,Exp5,5_2,24.9,Ed,not_eaten
2016,Exp5,5_2,22.7,Tr,not_eaten
2016,Exp5,5_2,22.6,Tr,not_eaten
2016,Exp5,5_2,24.8,Ed,not_eaten
2016,Exp5,5_3,26.5,Ed,not_eaten
2016,Exp5,5_3,23.2,Ed,not_eaten
2016,Exp5,5_3,20.9,Ed,not_eaten
2016,Exp5,5_3,22.3,Ed,not_eaten
2016,Exp5,5_3,23.6,Tr,not_eaten
2016,Exp5,5_3,25.4,Ed,not_eaten
2016,Exp5,5_3,24.8,Ed,not_eaten
2016,Exp5,5_3,24.1,Ed,not_eaten
2016,Exp5,5_3,23.4,Ed,not_eaten
2016,Exp5,5_3,23.8,Ed,not_eaten
2016,Exp5,5_3,25.5,Ed,not_eaten
2016,Exp5,5_3,21.5,Tr,not_eaten
2016,Exp5,5_3,26.5,Ed,not_eaten
2016,Exp5,5_3,24.4,Tr,not_eaten
2016,Exp5,5_3,23.3,Ed,not_eaten
2016,Exp5,5_3,23.9,Tr,not_eaten
2016,Exp5,5_3,24.2,Ed,not_eaten
2016,Exp5,5_3,25.2,Ed,not_eaten
2016,Exp5,5_3,25.8,Tr,not_eaten
2016,Exp5,5_4,25.1,Tr,not_eaten
2016,Exp5,5_4,26.2,Ed,not_eaten
2016,Exp5,5_4,27.7,Tr,not_eaten
2016,Exp5,5_4,24.6,Ed,not_eaten
2016,Exp5,5_4,25.9,Ed,not_eaten
2016,Exp5,5_4,25.8,Tr,not_eaten
2016,Exp5,5_4,22.7,Ed,not_eaten
2016,Exp5,5_4,26.8,Ed,not_eaten
2016,Exp5,5_4,23.8,Ed,not_eaten
2016,Exp5,5_4,24.8,Tr,not_eaten
2016,Exp5,5_4,26.6,Ed,not_eaten
2016,Exp5,5_4,26.4,Tr,not_eaten
2016,Exp5,5_4,24,Ed,not_eaten
2016,Exp5,5_4,27.4,Ed,not_eaten
2016,Exp5,5_4,28.9,Ed,not_eaten
2016,Exp5,5_4,24.1,Tr,not_eaten
2016,Exp5,5_4,24.3,Ed,not_eaten
2016,Exp5,5_4,21.6,Ed,not_eaten
2016,Exp5,5_4,23.9,Ed,not_eaten
2016,Exp5,5_4,23,Ed,not_eaten
2016,Exp5,5_4,25,Ed,not_eaten
2016,Exp5,5_4,25.5,Ed,not_eaten
2016,Exp5,5_4,23.1,Tr,not_eaten
2016,Exp5,5_4,27.8,Ed,not_eaten
2016,Exp5,5_4,22.5,Ed,not_eaten
2016,Exp5,5_4,24.3,Ed,not_eaten
2016,Exp5,5_5,22.8,Ed,not_eaten
2016,Exp5,5_5,24.8,Tr,not_eaten
2016,Exp5,5_5,29.5,Ed,not_eaten
2016,Exp5,5_5,26,Tr,not_eaten
2016,Exp5,5_5,26.2,Tr,not_eaten
2016,Exp5,5_5,25.7,Tr,not_eaten
2016,Exp5,5_5,26.5,Ed,not_eaten
2016,Exp5,5_5,26.5,Ed,not_eaten
2016,Exp5,5_5,23.8,Tr,not_eaten
2016,Exp5,5_5,27.1,Ed,not_eaten
2016,Exp5,5_5,28.4,Ed,not_eaten
2016,Exp5,5_5,27.1,Ed,not_eaten
2016,Exp5,5_5,22,Ed,not_eaten
2016,Exp5,5_5,24.2,Ed,not_eaten
2016,Exp5,5_5,24.2,Ed,not_eaten
2016,Exp5,5_5,23.8,Ed,not_eaten
2016,Exp5,5_5,27.9,Tr,not_eaten
2016,Exp5,5_5,25,Tr,not_eaten
2016,Exp5,5_5,25.2,Ed,not_eaten
2016,Exp5,5_5,25.8,Tr,not_eaten
2016,Exp5,5_6,24.6,Ed,not_eaten
2016,Exp5,5_6,24,Ed,not_eaten
2016,Exp5,5_6,28.6,Ed,not_eaten
2016,Exp5,5_6,24.8,Tr,not_eaten
2016,Exp5,5_6,24.2,Tr,not_eaten
2016,Exp5,5_6,24.5,Ed,not_eaten
2016,Exp5,5_6,22.5,Ed,not_eaten
2016,Exp5,5_6,25.9,Ed,not_eaten
2016,Exp5,5_6,26.5,Ed,not_eaten
2016,Exp5,5_6,27,Ed,not_eaten
2016,Exp5,5_6,21.4,Ed,not_eaten
2016,Exp5,5_6,26,Tr,not_eaten
2016,Exp5,5_6,26.4,Ed,not_eaten
2016,Exp5,5_6,25.1,Tr,not_eaten
2016,Exp5,5_6,22.9,Ed,not_eaten
2016,Exp5,5_6,26.4,Ed,not_eaten
2016,Exp5,5_6,23.8,Tr,not_eaten
2016,Exp5,5_6,23.6,Tr,not_eaten
2016,Exp5,5_6,23,Ed,not_eaten
2016,Exp5,5_6,27.7,Tr,not_eaten
2016,Exp5,5_6,22.9,Tr,not_eaten
2016,Exp5,5_6,21.1,Ed,not_eaten
2016,Exp5,5_6,22.5,Ed,not_eaten
2016,Exp5,5_7,23.6,Tr,not_eaten
2016,Exp5,5_7,27.1,Ed,not_eaten
2016,Exp5,5_7,22.6,Ed,not_eaten
2016,Exp5,5_7,23.5,Ed,not_eaten
2016,Exp5,5_7,26.4,Ed,not_eaten
2016,Exp5,5_7,26.7,Ed,not_eaten
2016,Exp5,5_7,24.6,Ed,not_eaten
2016,Exp5,5_7,26.4,Ed,not_eaten
2016,Exp5,5_7,23.9,Ed,not_eaten
2016,Exp5,5_7,24.8,Ed,not_eaten
2016,Exp5,5_7,27.5,Ed,not_eaten
2016,Exp5,5_7,26.5,Tr,not_eaten
2016,Exp5,5_7,30,Tr,not_eaten
2016,Exp5,5_7,28.8,Ed,not_eaten
2016,Exp5,5_7,19.8,Ed,not_eaten
2016,Exp5,5_7,29.4,Ed,not_eaten
2016,Exp5,5_7,26.5,Ed,not_eaten
2016,Exp5,5_7,24.9,Ed,not_eaten
2016,Exp5,5_7,22.1,Tr,not_eaten
2016,Exp5,5_7,26.1,Ed,not_eaten
2016,Exp5,5_7,26,Ed,not_eaten
2016,Exp5,5_7,24.2,Ed,not_eaten
2016,Exp5,5_7,26.6,Tr,not_eaten
2016,Exp5,5_7,21.6,Ed,not_eaten
2016,Exp5,5_8,21.9,Tr,not_eaten
2016,Exp5,5_8,26,Ed,not_eaten
2016,Exp5,5_8,27,Ed,not_eaten
2016,Exp5,5_8,22.1,Ed,not_eaten
2016,Exp5,5_8,26.4,Tr,not_eaten
2016,Exp5,5_8,24.7,Tr,not_eaten
2016,Exp5,5_8,26.1,Ed,not_eaten
2016,Exp5,5_8,24.2,Tr,not_eaten
2016,Exp5,5_8,24.3,Ed,not_eaten
2016,Exp5,5_8,24.8,Ed,not_eaten
2016,Exp5,5_8,23.9,Ed,not_eaten
2016,Exp5,5_8,22.6,Tr,not_eaten
2016,Exp5,5_8,24.3,Tr,not_eaten
2016,Exp5,5_8,24.9,Ed,not_eaten
2016,Exp5,5_8,23.8,Tr,not_eaten
2016,Exp5,5_8,26.6,Ed,not_eaten
2016,Exp5,5_8,25.4,Ed,not_eaten
2016,Exp5,5_8,25.9,Ed,not_eaten
2016,Exp5,5_8,23.1,Tr,not_eaten
2016,Exp5,5_8,25.3,Ed,not_eaten
2016,Exp5,5_9,22.5,Tr,not_eaten
2016,Exp5,5_9,25.4,Tr,not_eaten
2016,Exp5,5_9,24.1,Ed,not_eaten
2016,Exp5,5_9,25.6,Ed,not_eaten
2016,Exp5,5_9,24,Ed,not_eaten
2016,Exp5,5_9,25.5,Ed,not_eaten
2016,Exp5,5_9,25.3,Ed,not_eaten
2016,Exp5,5_9,25.3,Tr,not_eaten
2016,Exp5,5_9,28,Ed,not_eaten
2016,Exp5,5_9,24.5,Ed,not_eaten
2016,Exp5,5_9,23.3,Ed,not_eaten
2016,Exp5,5_9,25.7,Tr,not_eaten
2016,Exp5,5_9,24,Tr,not_eaten
2016,Exp5,5_9,26.5,Tr,not_eaten
2016,Exp5,5_9,24,Ed,not_eaten
2016,Exp5,5_9,26.8,Tr,not_eaten
2016,Exp5,5_9,28.5,Tr,not_eaten
2016,Exp5,5_9,25,Ed,not_eaten
2016,Exp5,5_9,21.6,Ed,not_eaten
2016,Exp5,5_9,30.8,Ed,not_eaten
2016,Exp5,5_9,23.2,Ed,not_eaten
2016,Exp5,5_9,26,Tr,not_eaten
2016,Exp5,5_9,23.3,Tr,not_eaten
2016,Exp5,5_9,22.4,Ed,not_eaten
2016,Exp5,5_10,24.5,Tr,not_eaten
2016,Exp5,5_10,22.3,Ed,not_eaten
2016,Exp5,5_10,25.4,Ed,not_eaten
2016,Exp5,5_10,22.1,Tr,not_eaten
2016,Exp5,5_10,24.7,Ed,not_eaten
2016,Exp5,5_10,25.5,Ed,not_eaten
2016,Exp5,5_10,25.4,Tr,not_eaten
2016,Exp5,5_10,23.1,Tr,not_eaten
2016,Exp5,5_10,27.6,Ed,not_eaten
2016,Exp5,5_10,25.2,Ed,not_eaten
2016,Exp5,5_10,26.8,Tr,not_eaten
2016,Exp5,5_10,23.9,Tr,not_eaten
2016,Exp5,5_10,25.5,Ed,not_eaten
2016,Exp5,5_10,23.2,Tr,not_eaten
2016,Exp5,5_10,23.4,Ed,not_eaten
2016,Exp5,5_10,18,Ed,not_eaten
2016,Exp5,5_10,25.9,Ed,not_eaten
2016,Exp5,5_10,21.8,Ed,not_eaten
2016,Exp5,5_10,19,Tr,not_eaten
2016,Exp5,5_10,23.9,Tr,not_eaten
2016,Exp5,5_10,27.8,Ed,not_eaten
2016,Exp5,5_10,21.9,Ed,not_eaten
2016,Exp5,5_10,25.1,Ed,not_eaten
2016,Exp5,5_10,21,Ed,not_eaten
2016,Exp5,5_10,24.9,Ed,not_eaten
2016,Exp5,5_10,22.8,Tr,not_eaten
2016,Exp5,5_10,24.5,Ed,not_eaten
2016,Exp5,5_10,24.6,Ed,not_eaten
2016,Exp5,5_10,26.3,Ed,not_eaten
2016,Exp5,5_10,22.8,Ed,not_eaten
2016,Exp5,5_12,24,Ed,not_eaten
2016,Exp5,5_12,24.6,Tr,not_eaten
2016,Exp5,5_12,24.2,Tr,not_eaten
2016,Exp5,5_12,25.5,Ed,not_eaten
2016,Exp5,5_12,26.5,Tr,not_eaten
2016,Exp5,5_12,24.1,Ed,not_eaten
2016,Exp5,5_12,23.5,Ed,not_eaten
2016,Exp5,5_12,21.6,Ed,not_eaten
2016,Exp5,5_12,25.5,Tr,not_eaten
2016,Exp5,5_12,26,Ed,not_eaten
2016,Exp5,5_12,22.1,Tr,not_eaten
2016,Exp5,5_12,25.3,Tr,not_eaten
2016,Exp5,5_12,24.3,Ed,not_eaten
2016,Exp5,5_12,25.4,Ed,not_eaten
2016,Exp5,5_12,23.5,Ed,not_eaten
2016,Exp5,5_12,23.3,Tr,not_eaten
2016,Exp5,5_12,23.3,Ed,not_eaten
2016,Exp5,5_12,25.6,Ed,not_eaten
2016,Exp5,5_12,26.9,Ed,not_eaten
2016,Exp5,5_12,25,Ed,not_eaten
2016,Exp5,5_1,24.9,Tr,eaten
2016,Exp5,5_1,23,Ed,eaten
2016,Exp5,5_1,21.3,Ed,eaten
2016,Exp5,5_2,28,Tr,eaten
2016,Exp5,5_2,25.4,Ed,eaten
2016,Exp5,5_2,23.2,Tr,eaten
2016,Exp5,5_3,24.4,Tr,eaten
2016,Exp5,5_3,24.6,Tr,eaten
2016,Exp5,5_3,22.9,Ed,eaten
2016,Exp5,5_4,23.3,Tr,eaten
2016,Exp5,5_4,25.6,Ed,eaten
2016,Exp5,5_4,23.1,Tr,eaten
2016,Exp5,5_4,24.1,Tr,eaten
2016,Exp5,5_5,23.2,Tr,eaten
2016,Exp5,5_5,25.5,Ed,eaten
2016,Exp5,5_5,25.4,Ed,eaten
2016,Exp5,5_5,24.6,Tr,eaten
2016,Exp5,5_5,22.1,Ed,eaten
2016,Exp5,5_5,25.1,Tr,eaten
2016,Exp5,5_5,22.5,Tr,eaten
2016,Exp5,5_6,26.2,Tr,eaten
2016,Exp5,5_6,20.9,Tr,eaten
2016,Exp5,5_6,25.3,Ed,eaten
2016,Exp5,5_6,26.3,Tr,eaten
2016,Exp5,5_7,24.9,Tr,eaten
2016,Exp5,5_7,23.9,Tr,eaten
2016,Exp5,5_8,27.2,Tr,eaten
2016,Exp5,5_8,19.5,Ed,eaten
2016,Exp5,5_8,22.3,Tr,eaten
2016,Exp5,5_8,27.9,Ed,eaten
2016,Exp5,5_8,20.7,Tr,eaten
2016,Exp5,5_9,25.8,Tr,eaten
2016,Exp5,5_9,24.7,Tr,eaten
2016,Exp5,5_9,28.5,Ed,eaten
2016,Exp5,5_9,23.1,Tr,eaten
2016,Exp5,5_10,26.2,Tr,eaten
2016,Exp5,5_10,25.3,Tr,eaten
2016,Exp5,5_10,23.2,Ed,eaten
2016,Exp5,5_10,16.7,Ed,eaten
2016,Exp5,5_12,20.3,Ed,eaten
2016,Exp5,5_12,28.3,Tr,eaten
2016,Exp5,5_12,22.7,Tr,eaten
2016,Exp5,5_12,24.8,Ed,eaten
2016,Exp5,5_1,22.2,Ed,eaten
2016,Exp5,5_1,22.9,Ed,eaten
2016,Exp5,5_1,24.2,Ed,eaten
2016,Exp5,5_2,22.9,Ed,eaten
2016,Exp5,5_2,23,Tr,eaten
2016,Exp5,5_2,23.1,Tr,eaten
2016,Exp5,5_2,21.5,Tr,eaten
2016,Exp5,5_3,23.3,Ed,eaten
2016,Exp5,5_3,21.4,Tr,eaten
2016,Exp5,5_3,23.9,Tr,eaten
2016,Exp5,5_4,25.9,Ed,eaten
2016,Exp5,5_4,23.8,Ed,eaten
2016,Exp5,5_4,24,Tr,eaten
2016,Exp5,5_4,23.5,Ed,eaten
2016,Exp5,5_4,29,Tr,eaten
2016,Exp5,5_4,27.4,Tr,eaten
2016,Exp5,5_5,27.3,Tr,eaten
2016,Exp5,5_5,24,Ed,eaten
2016,Exp5,5_5,30.1,Tr,eaten
2016,Exp5,5_6,24.9,Tr,eaten
2016,Exp5,5_6,25.2,Ed,eaten
2016,Exp5,5_9,27,Tr,eaten
2016,Exp5,5_9,29.5,Ed,eaten
2016,Exp5,5_8,22.5,Tr,eaten
2016,Exp5,5_8,21.9,Ed,eaten
2016,Exp5,5_8,24.6,Ed,eaten
2016,Exp5,5_10,24.2,Tr,eaten
2016,Exp5,5_10,24.7,Ed,eaten
2016,Exp5,5_12,24.3,Ed,eaten
2016,Exp5,5_12,22.9,Ed,eaten
2016,Exp5,5_12,21.9,Tr,eaten
2016,Exp5,5_12,23.8,Ed,eaten
2016,Exp5,5_12,24.1,Ed,eaten
